<?xml version="1.0" encoding="UTF-8"?>
<project-private xmlns="http://www.netbeans.org/ns/project-private/1">
    <editor-bookmarks xmlns="http://www.netbeans.org/ns/editor-bookmarks/2" lastBookmarkId="0"/>
    <open-files xmlns="http://www.netbeans.org/ns/projectui-open-files/2">
        <group>
            <file>file:/C:/Users/DELL/Desktop/pro/library%20management/src/signup.java</file>
            <file>file:/C:/Users/DELL/Desktop/pro/library%20management/src/availability.java</file>
            <file>file:/C:/Users/DELL/Desktop/pro/library%20management/src/home.java</file>
            <file>file:/C:/Users/DELL/Desktop/pro/library%20management/src/issue.java</file>
            <file>file:/C:/Users/DELL/Desktop/pro/library%20management/src/Login.java</file>
            <file>file:/C:/Users/DELL/Desktop/pro/library%20management/src/Forgot.java</file>
        </group>
    </open-files>
</project-private>
